Conflict_Type,Strategy,Description
Communication Style Differences,Active Listening,Practice attentive listening and strive to understand the underlying message being communicated.
Micromanagement,Delegation,"Set clear expectations and boundaries, then empower employees to take ownership of their tasks."
Personality Clashes,Conflict Coaching,Facilitate open conversations to address differences and find common ground for collaboration.
Lack of Recognition,Feedback Mechanism,Implement a system for acknowledging and rewarding employees' efforts and achievements.
Workload Imbalance,Resource Allocation,Review workload distribution and make necessary adjustments to ensure a fair distribution of tasks.
Interdepartmental Rivalry,Cross-functional Collaboration,Encourage interdepartmental communication and collaboration to foster a sense of unity and shared goals.
Discrimination and Harassment,HR Intervention,"Provide training on diversity and inclusion, and enforce a zero-tolerance policy for discriminatory behavior."
Lack of Transparency,Open Communication,Promote transparency by sharing relevant information and involving employees in decision-making processes.
Unclear Goals and Expectations,Goal Setting,Establish clear objectives and expectations for all tasks and projects to avoid confusion and misinterpretation.
Resistance to Change,Change Management,"Communicate the reasons for change, involve employees in the process, and provide support during the transition."
Power Struggles,Mediation,Facilitate discussions to address power dynamics and encourage cooperation rather than competition.
Cultural Differences,Cultural Sensitivity Training,Provide training to increase awareness and understanding of different cultural perspectives and norms.
Lack of Teamwork,Team Building Activities,"Organize team-building exercises to improve communication, trust, and collaboration among team members."
Poor Performance,Performance Improvement Plan,Create a structured plan with clear goals and milestones to help employees improve their performance.
Inequitable Treatment,Fairness Assessment,"Conduct regular assessments to ensure fairness in policies, procedures, and treatment of employees."
Gossip and Rumors,Conflict Resolution Training,"Train employees on the impact of gossip and rumors, and promote a culture of open communication and trust."
Emotional Outbursts,Emotional Intelligence Training,Provide training on emotional intelligence to help employees manage their emotions and respond constructively in challenging situations.
Lack of Feedback,Feedback Sessions,Schedule regular feedback sessions to provide constructive feedback and encourage open dialogue between managers and employees.
Unclear Decision-Making Process,Decision-Making Framework,"Establish a clear decision-making process with defined roles, responsibilities, and criteria for making decisions."
Remote Work Challenges,Virtual Team Building,"Implement strategies to foster connection and communication among remote team members, such as virtual team-building activities."
Burnout and Stress,Wellness Programs,Introduce wellness programs and initiatives to support employees' mental and physical well-being and prevent burnout.
Lack of Training and Development,Skill Building Workshops,"Offer training and development opportunities to enhance employees' skills and competencies, and support their career growth."
Role Ambiguity,Role Clarification,"Clarify roles and responsibilities by outlining specific tasks, expectations, and reporting relationships for each team member."
Lack of Empathy,Empathy Training,Promote empathy through training and encourage employees to consider others' perspectives and feelings in their interactions.
Workplace Bullying,Anti-Bullying Policy,Implement an anti-bullying policy with clear guidelines and procedures for addressing and preventing bullying behavior.
Unrealistic Deadlines,Negotiation,Engage in discussions to set realistic deadlines based on project requirements and team capacity.
Lack of Conflict Resolution Skills,Training Workshops,Provide training on conflict resolution techniques and strategies to equip employees with the skills to address conflicts effectively.
Ego Clashes,Collaborative Problem-Solving,"Encourage a focus on finding solutions rather than assigning blame, and foster a collaborative approach to resolving conflicts."
Lack of Accountability,Accountability Framework,"Establish clear expectations for individual and team accountability, and hold employees responsible for their actions and outcomes."
Favoritism,Fairness Policy,"Implement a fairness policy to promote equal treatment and opportunities for all employees, and address instances of favoritism proactively."
Lack of Work-Life Balance,Flexible Work Arrangements,Offer flexible work arrangements to support employees in achieving a healthy work-life balance and managing their personal commitments.
Lack of Recognition,Employee Appreciation Programs,"Implement programs to recognize and appreciate employees' contributions through rewards, incentives, and public acknowledgment."
Lack of Inclusivity,Diversity Training,Provide training on diversity and inclusivity to create a more inclusive and welcoming work environment for all employees.
Lack of Resources,Resource Allocation Review,Assess resource needs and allocate resources effectively to support team members in achieving their goals.
Lack of Trust,Trust-Building Activities,Engage in trust-building activities and exercises to foster trust among team members and promote a positive work environment.
Lack of Empowerment,Empowerment Initiatives,"Empower employees by involving them in decision-making, delegating responsibilities, and providing opportunities for growth and development."
Lack of Communication,Communication Workshops,Offer communication workshops to enhance employees' communication skills and promote effective and open communication within the team.
Lack of Recognition,Peer Recognition Programs,Implement peer recognition programs where employees can acknowledge and appreciate each other's contributions and achievements.
Lack of Feedback,360-Degree Feedback,Implement a 360-degree feedback system to gather feedback from multiple sources and provide a comprehensive view of employees' performance.
Lack of Conflict Resolution Skills,Mediation Training,Provide training on mediation skills to equip employees with the ability to facilitate constructive conversations and resolve conflicts.
Lack of Diversity,Diversity Recruitment Initiatives,"Implement initiatives to attract and retain a diverse workforce, and create a culture that values and celebrates diversity."
Lack of Innovation,Innovation Workshops,"Organize innovation workshops to encourage creative thinking, idea generation, and collaboration among team members."
Lack of Emotional Intelligence,Emotional Intelligence Assessment,Conduct emotional intelligence assessments to help employees understand their emotions and develop strategies for managing them effectively.
Lack of Collaboration,Collaboration Tools,"Utilize collaboration tools and platforms to facilitate communication, information sharing, and collaboration among team members."
Lack of Conflict Resolution Skills,Negotiation Training,Provide training on negotiation skills to help employees reach mutually beneficial agreements and resolve conflicts effectively.
Lack of Feedback,Continuous Feedback Culture,Promote a culture of continuous feedback where employees receive ongoing feedback and guidance to support their growth and development.
Lack of Conflict Resolution Skills,Conflict Resolution Policy,Establish a clear conflict resolution policy outlining steps for addressing conflicts and promoting a constructive resolution process.
Lack of Inclusivity,Inclusion Initiatives,"Implement inclusion initiatives to create a sense of belonging and equity for all employees, regardless of their background or identity."
Lack of Recognition,Spot Awards,"Recognize employees' exceptional performance and achievements through spot awards, which are given spontaneously to acknowledge their efforts."
Lack of Work-Life Balance,Time Management Training,"Provide training on time management skills to help employees prioritize tasks, manage their workload effectively, and achieve a better work-life balance."
Personality Clashes,Facilitation,Facilitate a discussion to identify common ground and improve mutual respect.
Workload Imbalance,Reassignment,Reassign tasks to balance workloads and prevent burnout.
Micro-managing,Trust Building,Build trust through open communication and setting clear expectations.
Conflicting Goals,Collaboration,Encourage collaboration to align goals and find a win-win solution.
Lack of Feedback,Feedback Mechanism,Implement regular feedback mechanisms to foster communication and growth.
Competing Priorities,Priority Setting,Establish clear priorities and timelines to resolve conflicts over conflicting tasks.
Resource Allocation Disputes,Negotiation,Negotiate resource allocation based on project needs and team capabilities.
Inter-departmental Rivalry,Team Building,Facilitate team-building activities to foster collaboration and mutual respect.
Role Ambiguity,Role Clarification,Clarify roles and responsibilities to prevent misunderstandings and conflicts.
Decision-making Power Struggles,Consensus Building,Encourage consensus-building and involve all stakeholders in decision-making.
Cultural Differences,Cultural Sensitivity Training,Provide cultural sensitivity training to build understanding and respect.
Salary Disputes,Compensation Review,Review compensation structures and ensure fairness to address salary disputes.
Promotion Jealousy,Transparent Communication,Communicate promotion criteria and decisions transparently to address jealousy.
Workplace Bullying,Zero Tolerance Policy,Implement a zero-tolerance policy against workplace bullying and provide support for victims.
Harassment Claims,Investigation,Promptly investigate harassment claims and take appropriate disciplinary action.
Confidentiality Breach,Confidentiality Training,Provide training on confidentiality and data protection to prevent breaches.
Blame Game,Accountability,Foster a culture of accountability and focus on problem-solving rather than blame.
Resistance to Change,Change Management,Implement change management strategies to address resistance and facilitate transitions.
Perceived Favoritism,Fair Treatment,Ensure fair and consistent treatment of all employees to address perceptions of favoritism.
Physical Workspace Disputes,Mediation,Mediate disputes over physical workspace allocation to find mutually acceptable solutions.
Communication Breakdown,Active Listening,Encourage active listening and open communication to prevent misunderstandings.
Unclear Expectations,Expectation Setting,Set clear expectations and goals to avoid confusion and conflict.
Workplace Gossip,Conflict Resolution Policy,Establish a conflict resolution policy to address workplace gossip and rumors.
Team Member Absenteeism,Attendance Policy,Enforce attendance policies and address absenteeism to prevent conflicts.
Workplace Discrimination,Diversity Training,Provide diversity and inclusion training to prevent discrimination in the workplace.
Workplace Cliques,Inclusivity Initiatives,Promote inclusivity through initiatives that break down cliques and foster a sense of belonging.
Personal Problems Impacting Work,Employee Assistance Program,Offer employee assistance programs to support employees facing personal challenges.
Task Interference,Task Prioritization,Prioritize tasks and provide clear guidelines to prevent conflicts over task interference.
Perceived Lack of Recognition,Recognition Programs,Implement recognition programs to acknowledge and appreciate employee contributions.
Workplace Rumors,Open Communication,Encourage open communication to dispel rumors and address misinformation.
Competitive Behavior,Collaborative Projects,Encourage collaboration on projects to shift focus from competition to teamwork.
Failure to Meet Deadlines,Deadline Setting,Set realistic deadlines and monitor progress to ensure timely completion of tasks.
Workplace Favoritism,Fair Evaluation,Conduct fair evaluations and provide equal opportunities to address perceptions of favoritism.
Power Struggles,Conflict Mediation,Mediate power struggles and encourage open dialogue to reach a resolution.
Professional Jealousy,Peer Recognition,Encourage peer recognition and celebrate each other's successes to address jealousy.
Cross-functional Communication Issues,Cross-functional Meetings,Facilitate cross-functional meetings to improve communication and alignment on projects.
Emotional Outbursts,Emotional Intelligence Training,Provide emotional intelligence training to manage emotions and resolve conflicts constructively.
Overlapping Responsibilities,Role Redefinition,Redefine roles and responsibilities to clarify areas of overlap and prevent conflicts.
Work-life Balance Disputes,Flexible Work Policies,Implement flexible work policies to support work-life balance and reduce conflicts.
Decision-making Delays,Decision-making Framework,Establish a decision-making framework to streamline the process and prevent delays.
Workplace Cliques,Team Integration,Integrate team members from different cliques through team-building activities.
Feedback Resistance,Feedback Culture,Foster a culture that values feedback and encourages constructive criticism to address resistance.
Generational Differences,Generational Awareness Training,Provide training on generational differences to foster understanding and collaboration.
Remote Work Challenges,Virtual Team Building,Organize virtual team-building activities to build connections and address remote work challenges.
